https://apps.honors.uic.edu/Fellows/current-fellows.php
depart colleg address mail code email address charu thakral charuth uic susan poser provost sposer uic robert barish vice chancellor mca rbarish uic susan farruggia vice provost undergradu affair spf uic tom moss vice provost undergradu affair tommoss uic tiana kieso administr appli health scienc ahsb tkieso uic jessi chin biomed health inform appli health scienc ahsb chin uic margaret czart biomed health inform appli health scienc ahsb mczart uic spyro kitsiou biomed health inform scienc appli health scienc ahsb skitsiou uic karen patena biomed health inform scienc appli health scienc ahsb patena uic eric swirski biomed health inform scienc appli health scienc ahsb eswir uic felecia william biomed health inform scienc appli health scienc ahsb feleciaw uic liek van heumen disabl human dev appli health scienc lvheumen uic fabricio balcazar disabl human develop appli health scienc dhsp fabricio uic brian grossman disabl human develop appli health scienc dhsp brg uic traci baynard kinesiolog nutrit appli health scienc ahsb tbaynard uic john coumb lilley kinesiolog nutrit appli health scienc peb jcoumb uic giamila fantuzzi kinesiolog nutrit appli health scienc ahsb giamila uic mark grabin kinesiolog nutrit appli health scienc cme grabin uic karri hamstra wright kinesiolog nutrit appli health scienc peb khamst uic craig horswil kinesiolog nutrit appli health scienc peb horswil uic timothi koh kinesiolog nutrit appli health scienc ahb tjkoh uic david marquez kinesiolog nutrit appli health scienc ahsb marquezd uic andrew sawer kinesiolog nutrit appli health scienc ahsb asaw uic angela kong nutrit appli health scienc ahsb akong uic gail fisher occup therapi appli health scienc ahsb gfisher uic leah goodman occup therapi appli health scienc ahsb lgoodm uic celest januszewski occup therapi appli health scienc ahsb celestej uic mari khetani occup therapi appli health scienc ahsb mkhetani uic susan magasi occup therapi appli health scienc ahsb smaga uic yolanda suarez balcazar occup therapi appli health scienc ahsb ysuarez uic rene taylor occup therapi appli health scienc ahsb rtaylor uic michel bulanda physic therapi appli health scienc ahsb mbulanda uic demetra john physic therapi appli health scienc cmet demetra uic sangeetha madhavan physic therapi appli health scienc ahsb smadhava uic shane phillip physic therapi appli health scienc ahsb shanep uic kelli bair architectur architectur design art kbair uic david brown architectur architectur design art dpb uic judith jong architectur architectur design art jdejong uic sarah dunn architectur architectur design art sedunn uic alexand eisenschmidt architectur architectur design art aeisensc uic paul preissner architectur architectur design art ppreiss uic beat geissler art architectur design art beat uic silvia malagrino art architectur design art libra uic matthew metzger art architectur design art matmetz uic jennif reeder art architectur design art reederj uic omur harmansah art histori architectur design art omur uic hannah higgin art histori architectur design art higgin uic martha pollak art histori architectur design art mpollak uic quinn art histori architectur design art thereseq uic linda bracamont roeger design architectur design art lindabr uic philip burton design architectur design art pcburton uic meghan ferril design architectur design art mferril uic sung jang design architectur design art sungjang uic stephen melam design architectur design art melam uic john behl music architectur design art etmsw behlingj uic ruth rosenberg music architectur design art etmsw rrose uic cheryl wilson music architectur design art etmsw wilsonc uic jason martin theatr architectur design art etmsw jkmartin uic derrick sander theatr architectur design art epasw sandersd uic rachel tsachor theatr architectur design art etmsw rtsachor uic sudhakar balachandran account busi administr sidbala uic somnath account busi administr sda uic ellen engel account busi administr elleneng uic abel galvan account busi administr galvan uic michael kirschenheit account busi administr mkirsch uic siyi account busi administr siyili uic melissa martin account busi administr mamarti uic shailendra pandit account busi administr shail uic ram ramakrishnan account busi administr rramakri uic yehia salama account busi administr ysalama uic sankar acharya financ busi administr sacharya uic ozgur arslan ayaydin financ busi administr orslan uic gilbert bassett financ busi administr gib uic andriy bodnaruk financ busi administr bodnaruk uic oleg bondarenko financ busi administr olegb uic hsiu lang chen financ busi administr hsiulang uic robert chirinko financ busi administr chirinko uic lingji financ busi administr lingma uic william brien financ busi administr obrienw uic lan zhang financ busi administr lanzhang uic siddhartha bhattacharyya inform decis scienc busi administr sidb uic richard potter inform decis scienc busi administr rpotter uic theja tulabandhula inform decis scienc busi administr theja uic mari beth watson manheim inform decis scienc busi administr mbwm uic jame cooper manageri studi busi administr jcoop uic sajna ibrahim manageri studi busi administr sajna uic john lynch manageri studi busi administr jwlynch uic michael miller manageri studi busi administr millerm uic kim moon manageri studi busi administr kimmoon uic anthoni pagano manageri studi busi administr amp uic steve sauerwald manageri studi busi administr ssauerw uic elina yihui tang manageri studi busi administr etang uic peter thompson manageri studi busi administr pthomp uic sandra wayn manageri studi busi administr sjwayn uic satish alapati endodont dentistri dent salapati uic rhonna cohen molecular biolog oral diseas dentistri dent rcohen uic david reed oral biolog dentistri dent reedd uic blase brown oral medicin diagnost scienc dentistri dent bpbrown uic phimon atsawasuwan orthodont dentistri dent patsawa uic christina nichola orthodont dentistri dent clnichol uic shahrbanoo fadavi pediatr dentistri dentistri dent sfadavi uic darryl pendleton pediatr dentistri dentistri dent dpendl uic indru punwani pediatr dentistri dentistri dent ipunwani uic sheela raja pediatr dentistri dentistri dent sraja uic patrick smith pediatr dentistri dentistri dent psmith uic christin pediatr dentistri dentistri dent chriswu uic luisa dipietro periodont dentistri dent ldipiet uic ana bedran russo restor dentistri dentistri dent bedran uic farhad fayz restor dentistri dentistri adent fayz uic danni bernard martin curriculum instruct educ etmsw dbmartin uic paola zitlali moral curriculum instruct educ etmsw zitlali uic maria varela curriculum instruct educ etmsw mvarela uic nicol nguyen educ polici studi educ etmsw nguyenn uic benjamin superfin educ polici studi educ etmsw bsuperfi uic michel parker katz special educ educ etmsw mparker uic mari tejero hugh special educ educ etmsw marieth uic david eddington bioengin engin seo dte uic anthoni felder bioengin engin seo afeld uic john hetl bioengin engin seo jhetli uic dieter klatt bioengin engin nmrl dklatt uic miiri kotch bioengin engin seo mkotch uic jie liang bioengin engin csn jliang uic andrea linning bioengin engin seo linning uic richard magin bioengin engin seo rmagin uic thoma royston bioengin engin seo troyston uic tolou shokuhfar bioengin engin seo tolou uic vika berri chemic engin engin ceb vikasb uic ying liu chemic engin engin ceb liuy uic ludwig nitsch chemic engin engin ceb lcn uic lewi wedgewood chemic engin engin ceb wedg uic sybil derribl civil materi engin engin erf derribl uic didem ozevin civil materi engin engin erf dozevin uic krishna reddi civil materi engin engin erf kreddi uic zou civil materi engin engin erf bzou uic joseph schulenberg civil materi engin engin erf schulenj uic tanya berger wolf comput scienc engin erf tanyabw uic bhaskar dasgupta comput scienc engin seo bdasgup uic barbara eugenio comput scienc engin seo bdieugen uic jakob eriksson comput scienc engin erf jakob uic joseph hummel comput scienc engin seo jhummel uic andrew johnson comput scienc engin erf ajohnson uic chri kanich comput scienc engin seo ckanich uic john lilli comput scienc engin seo lilli uic georgeta elisabeta marai comput scienc engin erf gmarai uic dale reed comput scienc engin seo reed uic robert sloan comput scienc engin seo sloan uic mitchel comput scienc engin seo mthey uic vahe caliskan electr comput engin engin seo vahe uic natasha devroy electr comput engin engin seo devroy uic danilo erricolo electr comput engin engin seo derric uic sudip mazumd electr comput engin engin erf mazumd uic milo zefran electr comput engin engin seo mzefran uic houshang darabi industri engin engin erf hdarabi uic mengqi industri engin engin erf mhu uic lin industri engin engin erf linli uic quintin william industri engin engin erf qwilli uic thoma thei institut environment scienc polici engin sphw theist uic jeremiah abiad mechan industri engin engin erf jta uic max bernik mechan industri engin engin erf mbernik uic carmen lilley mechan industri engin engin erf clilley uic constantin megaridi mechan industri engin engin erf cmm uic william ryan mechan industri engin engin erf wryan uic reza shahbazian yassar mechan industri engin engin erf rsyassar uic jie mechan industri engin engin erf jiexu uic jeffrey kessler english jckessl uic natasha barn african american studi liber art scienc nbbarn uic johari jabir african american studi liber art scienc jjabir uic lynett jackson african american studi liber art scienc lajackso uic jane rhode african american studi liber art scienc rhodesj uic beth richi african american studi liber art scienc brichi uic cynthia blair african american studi liber art scienc cmblair uic tarini bedi anthropolog liber art scienc bsb tbedi uic molli doan anthropolog liber art scienc bsb mdoan uic mitchel hendrickson anthropolog liber art scienc bsb mjhend uic laura junker anthropolog liber art scienc bsb ljunker uic william parkinson anthropolog liber art scienc wparkin uic anna roosevelt anthropolog liber art scienc bsb amazonla uic sloan william anthropolog liber art scienc bsb sloanw uic som ale biolog scienc liber art scienc sale uic aixa alfonso biolog scienc liber art scienc sel aalfonso uic chieh chang biolog scienc liber art scienc mbrb chiehc uic chiou fen chuang biolog scienc liber art scienc mbrb chioufen uic ronald dubreuil biolog scienc liber art scienc mbrb ron uic liang wei gong biolog scienc liber art scienc sel lwgong uic miguel gonzalez meler biolog scienc liber art scienc mmeler uic henri biolog scienc liber art scienc hfhow uic bori igic biolog scienc liber art scienc sel bori uic jeremi lynch biolog scienc liber art scienc mbrb jlynch uic robert paul malchow biolog scienc liber art scienc sel paulmalc uic suzann mccutcheon biolog scienc liber art scienc sel suzann uic emili minor biolog scienc liber art scienc eminor uic alan molumbi biolog scienc liber art scienc sele molumbi uic donald morrison biolog scienc liber art scienc mbrb damorri uic michael muller biolog scienc liber art scienc sele mmuller uic karin nelson biolog scienc liber art scienc knelsonn uic peter okkema biolog scienc liber art scienc mbrb okkema uic teresa oren biolog scienc liber art scienc mbrb toren uic thoma park biolog scienc liber art scienc sel tpark uic yuri polikanov biolog scienc liber art scienc mbrb yuryp uic rachel poretski biolog scienc liber art scienc sele microb uic janet richmond biolog scienc liber art scienc sel jer uic ankur saxena biolog scienc liber art scienc mbrb saxenaa uic david stone biolog scienc liber art scienc dstone uic katherin mari warpeha biolog scienc liber art scienc mbrb kwarpeha uic lesli aldrich chemistri liber art scienc selw aldrich uic laura anderson chemistri liber art scienc sele lauralin uic jordi cabana jimenez chemistri liber art scienc jcabana uic ginevra clark chemistri liber art scienc ginevra uic stephani cologna chemistri liber art scienc cologna uic tom driver chemistri liber art scienc sel tgd uic lesli fung chemistri liber art scienc lfung uic nan jiang chemistri liber art scienc njiang uic neal mankad chemistri liber art scienc npm uic lawrenc miller chemistri liber art scienc lwm uic jung hyun min chemistri liber art scienc sel jhmin uic justin mohr chemistri liber art scienc jtmohr uic scott shippi chemistri liber art scienc sshippi uic preston snee chemistri liber art scienc sneep uic mike stieff chemistri liber art scienc mstieff uic duncan wardrop chemistri liber art scienc wardropd uic donald wink chemistri liber art scienc dwink uic jennif tobin classic liber art scienc jtobin uic rebecca lind commun liber art scienc bsb rebecca uic zachari mcdowel commun liber art scienc bsb zjm uic zizi papacharissi commun liber art scienc bsb zizi uic andrew rojecki commun liber art scienc bsb arojecki uic lisa frohmann criminolog law justic liber art scienc bsb lfrohman uic greg matoesian criminolog law justic liber art scienc bsb matoesia uic william mccarti criminolog law justic liber art scienc bsb mccartyw uic paul schew criminolog law justic liber art scienc bsb schewepa uic ami schuck criminolog law justic liber art scienc bsb amm uic sarah ullman criminolog law justic liber art scienc bsb seullman uic andrew dombard earth environment scienc liber art scienc adombard uic arci meyer dombard earth environment scienc liber art scienc drmd uic roy plotnick earth environment scienc liber art scienc plotnick uic patrick baud econom liber art scienc pbaud uic evelyn lehrer econom liber art scienc elehr uic lawrenc offic econom liber art scienc loffic uic richard peck econom liber art scienc rmpeck uic joseph perski econom liber art scienc jperski uic helen robert econom liber art scienc hrobert uic jennif ashton english liber art scienc jashton uic lauren bell english liber art scienc ldejbel uic mark canuel english liber art scienc mcanuel uic marsha cassidi english liber art scienc mcassidi uic mark chiang english liber art scienc mchiang uic nanci cirillo english liber art scienc nancyc uic ainsworth clark english liber art scienc uic todd destigt english liber art scienc tdestig uic christoph glomski english liber art scienc vivo uic robin grey english liber art scienc rgrey uic rachel havrelock english liber art scienc raheleh uic anna kornbluh english liber art scienc kornbluh uic christian messeng english liber art scienc chrism uic jennif rupert english liber art scienc jruper uic david schaafsma english liber art scienc schaaf uic john ireland french francophon studi liber art scienc jireland uic ellen mcclure french francophon studi liber art scienc ellenmc uic gayatri reddi gender women studi liber art scienc gayatri uic sara hall german studi liber art scienc sahal uic elizabeth loentz german studi liber art scienc loentz uic anna guevarra global asian studi liber art scienc guevarra uic michael jin global asian studi liber art scienc mrjin uic rosili hernandez pecoraro hispan italian studi liber art scienc rosieh uic kara morgan short hispan italian studi liber art scienc karam uic dianna niebylski hispan italian studi liber art scienc dcn uic john abbott histori liber art scienc jabbot uic christoph boyer histori liber art scienc crboyer uic joaquin chavez histori liber art scienc chavezj uic jonathan dali histori liber art scienc dali uic nicol jordan histori liber art scienc njordan uic ralph keen histori liber art scienc rkeen uic junaid quadri histori liber art scienc jquadri uic keeli stauter halst histori liber art scienc stauterh uic xochitl bada latin american latino studi liber art scienc xbada uic amalia pallar latin american latino studi liber art scienc amalia uic jerri bona mathemat statist comput scienc liber art scienc seo jbona uic alison castro superfin mathemat statist comput scienc liber art scienc seo amcastro uic alina cojocaru mathemat statist comput scienc liber art scienc seo cojocaru uic izzet coskun mathemat statist comput scienc liber art scienc seo icoskun uic samad hedayat mathemat statist comput scienc liber art scienc seo hedayat uic david marker mathemat statist comput scienc liber art scienc seo marker uic mara martinez mathemat statist comput scienc liber art scienc seo martinez math uic juliu ross mathemat statist comput scienc liber art scienc seo juliusro uic bhama srinivasan mathemat statist comput scienc liber art scienc seo sriniva uic ramin takloo bighash mathemat statist comput scienc liber art scienc seo rtakloo uic kevin tucker mathemat statist comput scienc liber art scienc seo kftucker uic jing wang mathemat statist comput scienc liber art scienc seo jiwang uic nichola huggett philosophi liber art scienc huggett uic georgett sinkler philosophi liber art scienc egalit uic richard cavanaugh physic liber art scienc cavana uic cecilia gerber physic liber art scienc gerber uic robert klie physic liber art scienc rfklie uic elizabeth koc physic liber art scienc ekoc uic claudio ugald physic liber art scienc cugald uic niko varela physic liber art scienc varela uic robert bruhl polit scienc liber art scienc bsb rbruhl uic alexandra filindra polit scienc liber art scienc bsb aleka uic katharin floro polit scienc liber art scienc bsb kmfloro uic petia kostadinova polit scienc liber art scienc bsb pkostad uic kevin lyle polit scienc liber art scienc bsb lyle uic evan mckenzi polit scienc liber art scienc bsb mckenzi uic norma moruzzi polit scienc liber art scienc bsb nmoruzzi uic dick simpson polit scienc liber art scienc bsb simpson uic sultan tepe polit scienc liber art scienc bsb sultant uic yue zhang polit scienc liber art scienc bsb yuezhang uic bett bottom psycholog liber art scienc bsb bbottom uic daniel cervon psycholog liber art scienc bsb dcervon uic kathryn engel psycholog liber art scienc bsb engel uic susan goldman psycholog liber art scienc bsb sgoldman uic ellen herben psycholog liber art scienc bsb herben uic jon kassel psycholog liber art scienc bsb jkassel uic matt motyl psycholog liber art scienc bsb motyl uic jame pellegrino psycholog liber art scienc bsb pellegjw uic michael ragozzino psycholog liber art scienc bsb mrago uic gari raney psycholog liber art scienc bsb geraney uic karina rey psycholog liber art scienc bsb krey uic jami roitman psycholog liber art scienc bsb jroitman uic mitchel roitman psycholog liber art scienc ssb mroitman uic amanda roy psycholog liber art scienc bsb alroy uic roger weissberg psycholog liber art scienc bsb rpw uic jennif wiley psycholog liber art scienc bsb jwiley uic david wirtshaft psycholog liber art scienc bsb davew uic katherin zinsser psycholog liber art scienc bsb kzinsser uic michal pawel markowski slavic baltic languag literatur liber art scienc markowsk uic ami bailey sociolog liber art scienc bsb akbailey uic richard barrett sociolog liber art scienc bsb barrett uic andrew clarno sociolog liber art scienc bsb aclarno uic rachel gordon sociolog liber art scienc bsb ragordon uic maria krysan sociolog liber art scienc bsb krysan uic paul brian mcinerney sociolog liber art scienc bsb pbm uic barbara risman sociolog liber art scienc bsb brisman uic atef sociolog liber art scienc bsb atefsaid uic ann armstrong librari librari lib anni uic ananya gangopadhyaya academ intern medicin medicin agango uic asra khan academ intern medicin medicin csn arkhan uic john tulley academ intern medicin medicin csn jetulley uic simon alford anatomi cell biolog medicin cmet sta uic ernesto bongarzon anatomi cell biolog medicin comrb ebongarz uic mari ladu anatomi cell biolog medicin comrb mladu uic orli lazarov anatomi cell biolog medicin comrb olazarov uic sarah lutz anatomi cell biolog medicin comrb selutz uic anna lysakowski anatomi cell biolog medicin comrb alysakow uic leon tai anatomi cell biolog medicin cmet leontai uic akira yoshii anatomi cell biolog medicin comrb ayoshii uic randal dull anesthesiolog medicin uih rdull uic barbara jericho anesthesiolog medicin uich jericho uic biji mathew anesthesiolog medicin msb bijim uic steven roth anesthesiolog medicin uih rothga uic donald chamber biochemistri molecular genet medicin cmw donc uic georg kondo cardiolog medicin csb gtkondo uic noreen nazir cardiolog medicin csb nnazir uic jose cordoba chacon endocrinolog diabet metabol medicin msb jcordoba uic terri unterman endocrinolog diabet metabol medicin wsva unterman uic memoona hasnain famili medicin medicin ahsb memoona uic augustin sohn famili medicin medicin hhdsb ajsohn uic alip borthakur gastroenterolog hepatolog medicin csb alipb uic lisa tuss humphrey health promot research medicin wrb ltuss uic robert moloki hematolog oncolog medicin csn remoloki uic jorg girotti medic educ medicin cmet jorgeg uic laura hirshfield medic educ medicin cmet lhirshf uic timothi murphi medic educ medicin cmet tmurphi uic lesli sandlow medic educ medicin cmet uic alan schwartz medic educ medicin cmet alansz uic sandra sufian medic educ medicin cme sufian uic william chamberlin medicin medicin mca whchamb uic christoph janson neurolog rehabilit medicin medicin npi cjanson uic rajul kothari obstetr gynecolog medicin csb rkotha uic vinay aakalu ophthalmolog visual scienc medicin taylor vaakalu uic dingcai cao ophthalmolog visual scienc medicin taylor dcao uic timothi mcmahon ophthalmolog visual scienc medicin eei room timomcma uic andriu kazlauska ophthalmolog visual scienc medicin eei uic steven sim otolaryngolog medicin eei hssim uic jonathan klein pediatr medicin taylor jonklein uic ann piller pediatr medicin csb pillersd uic reshma shah pediatr medicin csb reshmamd uic saul weiner pediatr medicin sweiner uic guofei zhou pediatr medicin csb guofei uic chong wee liew physiolog biophys medicin comrb cwliew uic alexandra naba physiolog biophys medicin comrb anaba uic mrinalini rao physiolog biophys medicin comrb meenarao uic brenda russel physiolog biophys medicin comrb russel uic toya clay psychiatri medicin wrob toyaclay uic erbo dong psychiatri medicin erbodong uic david gavin psychiatri medicin mbrb dgavin uic paulin maki psychiatri medicin npi pmaki uic roberta paikoff holzmuel psychiatri medicin ijr birdi uic amynah pradhan psychiatri medicin sphpi pradhan uic neil smalheis psychiatri medicin neil uic irena levitan pulmonari critic care sleep allergi medicin comrb levitan uic patrick belvitch pulmonari critic care sleep allergi medicin comrb pbelvitc uic kirsti danielson surgeri medicin csb kdaniel uic lisa anderson shaw administr studi nurs nurs nur lka uic michael calik biobehavior health scienc nurs nur mcalik uic holli devon biobehavior health scienc nurs nur hdevon uic lauren diegel vacek biobehavior health scienc nurs nur ljvacek uic carol ferran biobehavior health scienc nurs nur cferran uic ann fink biobehavior health scienc nurs nur afink uic cynthia fritschi biobehavior health scienc nurs nur fritschi uic bilgay izci balserak biobehavior health scienc nurs nur bilgay uic pamela martyn nemeth biobehavior health scienc nurs nur pmartyn uic lauretta quinn biobehavior health scienc nurs nur lquinn uic catherin ryan biobehavior health scienc nurs nur cryan uic colleen cort health system scienc nurs nur ccort uic kamal eldeirawi health system scienc nurs nur keldei uic lorna finnegan health system scienc nurs nur lornaf uic geraldin gorman health system scienc nurs nur ggorman uic patricia hershberg health system scienc nurs nur phersh uic saria lofton health system scienc nurs nur slofto uic shannon zenk health system scienc nurs nur szenk uic krista jone region nurs program nurs urbana kjone uic teresa krassa region nurs program nurs urbana tjkrassa uic julienn rutherford women child famili health scienc nurs nur ruther uic sarah abboud women children famili health scienc nurs nur abboud uic mari dawn koenig women children famili health scienc nurs nur marydh uic luca women children famili health scienc nurs nur lucasm uic mulubrhan mogo women children famili health scienc nurs nur mmogo uic crystal patil women children famili health scienc nurs nur cpatil uic susan vonderheid women children famili health scienc nurs nur vond uic jeanni van schyndel pre nurs nurs springfield campu springfield jvanschi uic richard gemeinhart biopharmaceut scienc pharmaci pharm rag uic hayat onyuksel biopharmaceut scienc pharmaci pharm hayat uic jim wang biopharmaceut scienc pharmaci mbrb zjwang uic ashley hall forens scienc pharmaci pharm amhal uic karl larsen forens scienc pharmaci pharm larsena uic joanna burdett medicin chemistri pharmacognosi pharmaci mbrb joannab uic chun tao che medicin chemistri pharmacognosi pharmaci pharm chect uic stephen dimagno medicin chemistri pharmacognosi pharmaci pharm sdimagno uic alessandra eustaquio medicin chemistri pharmacognosi pharmaci mbrb ase uic tom gao medicin chemistri pharmacognosi pharmaci pharm yugao uic alexand mankin medicin chemistri pharmacognosi pharmaci mbrb shura uic terri moor medicin chemistri pharmacognosi pharmaci pharm twmoor uic brian murphi medicin chemistri pharmacognosi pharmaci mbrb btmurphi uic andrew riley medicin chemistri pharmacognosi pharmaci pharm apriley uic laura sanchez medicin chemistri pharmacognosi pharmaci pharm sanchelm uic juliana chan pharmaci practic pharmaci csb jchan uic gail mahadi pharmaci practic pharmaci pharm mahadi uic frank paloucek pharmaci practic pharmaci pharm paloucek uic clara awe pharmaci system outcom polici pharmaci pharm awe uic gregori calip pharmaci system outcom polici pharmaci pharm gcalip uic stephani crawford pharmaci system outcom polici pharmaci pharm crawford uic simon pickard pharmaci system outcom polici pharmaci pharm pickard uic karen peter commun health scienc public health sphpi kpeter uic environment occup health scienc public health sphw anli uic wayn gile epidemiolog biostatist public health sphpi wgile uic ronald hershow epidemiolog biostatist public health sphpi rchersho uic william kling health polici administr public health sphpi wkling uic karin opacich public health public health sphpi kopacich uic faith bonecutt social work social work ecsw faithjb uic barbara coat social work social work etmsw uic christoph mitchel social work social work etmsw cgm uic ami watson social work social work epsaw acwatson uic rebecca hendrick public administr urban plan public administr cuppah hendrick uic kelli leroux public administr urban plan public affair cuppah kleroux uic kate low urban plan pol urban plan public affair cuppa hall katelow uic kheir kodmani urban plan polici urban plan public affair cuppah kheir uic phil ashton urban plan polici urban plan public affair cuppah pashton uic brenda parker urban plan polici urban plan public affair cuppa bkparker uic david perri urban plan polici urban plan public affair cuppa dperri uic sanjeev vidyarthi urban plan polici urban plan public affair cuppah svidi uic