http://catalog.uic.edu/ucat/degree-programs/degree-minors
skip content index catalog home institut home academ catalog search catalog undergradu catalog graduat catalog print download option uic home univers illinoi chicago catalog navig catalog navig undergradu catalog academ calendar univers admiss registr financ degre program requir degre program minor list academ stand academ plan progress gener educ univers degre requir graduat commenc program chang updat colleg depart undergradu cours descript archiv link graduat catalog cours descript home undergradu catalog degre program requir degre program minor list degre program minor list concentr offer undergradu degre program consult program requir page inform colleg school depart degre program minor preprofession appli health scienc biomed health inform scienc health inform manag minor life scienc visual appli health scienc disabl human develop disabl human develop minor disabl human develop appli health scienc kinesiolog nutrit kinesiolog exercis scienc health promot movement scienc nutrit coordin program nutrit scienc minor kinesiolog minor nutrit appli health scienc preprofession studi pre occup therapi pre physic therapi appli health scienc rehabilit scienc rehabilit scienc architectur design art architectur architectur studi architectur minor architectur studi architectur design art art bfa art bfa art educ minor art architectur design art art histori art histori interdisciplinari educ art minor art histori minor museum exhibit studi architectur design art design bde graphic design bde industri design design architectur design art music music music busi bmu perform bmu jazz studi minor music architectur design art theatr theatr perform theatr design product technolog bfa act minor theatr busi administr account account busi administr busi administr bachelor busi administr onlin complet program busi administr financ financ busi administr inform decis scienc inform decis scienc busi administr manageri studi entrepreneurship manag market busi administr cba minor minor busi adminstr minor busi analyt minor busi oper minor entrepreneurship minor financ minor intern busi minor manag inform system minor manageri skill educ curriculum instruct urban educ educ educ psycholog human develop learn minor instruct design train engin bioengin bioengin minor bioengin engin chemic engin chemic engin minor chemic engin engin civil materi engin civil engin minor civil engin engin comput scienc comput scienc concentr comput system human center comput softwar engin joint comput scienc minor comput scienc minor inform technolog engin electr comput engin electr engin comput engin engin physic minor electr engin minor comput engin engin interdisciplinari minor environment engin minor intern studi minor materi engin engin mechan industri engin mechan engin industri engin engin manag minor industri engin minor mechan engin liber art scienc african american studi major african american studi minor african american studi liber art scienc anthropolog major anthropolog minor anthropolog minor geographi liber art scienc biochemistri biochemistri liber art scienc biolog scienc major biolog scienc minor biolog scienc liber art scienc chemistri major chemistri chemistri minor chemistri liber art scienc classic mediterranean studi major classic studi minor classic studi minor arab liber art scienc commun major commun minor commun liber art scienc criminolog law justic major criminolog law justic minor criminolog law justic minor law societi liber art scienc earth environment scienc major earth environment scienc minor earth environment scienc liber art scienc econom major econom minor econom minor human capit labor market liber art scienc english major english teach english minor english minor profession write minor teach english liber art scienc french francophon studi major french francophon studi teach french minor french francophon studi liber art scienc gender women studi major gender women studi minor gender women studi minor social justic liber art scienc german studi major german studi major german studi busi minor teach german minor german studi liber art scienc global asian studi minor global asian studi liber art scienc hispan italian studi major spanish spanish econom teach spanish major italian suspend minor spanish minor italian italian american studi liber art scienc histori major histori teach histori minor histori liber art scienc integr health studi major integr health studi •behavior health •health scienc liber art scienc intern studi minor intern studi liber art scienc latin american latino studi major latin american latino studi minor latin american latino studi liber art scienc linguist minor chines minor linguist liber art scienc mathemat statist comput scienc major mathemat major statist teach mathemat mathemat comput scienc minor mathemat minor mathemat comput scienc liber art scienc move imag art minor move imag art liber art scienc neurosci neurosci liber art scienc philosophi major philosophi minor philosophi liber art scienc physic major physic teach physic suspend physic minor physic minor teach physic suspend liber art scienc polit scienc major polit scienc concentr law court urban polit minor polit scienc liber art scienc preprofession studi pre dentistri pre health inform manag pre law pre medicin pre nurs pre nutrit pre occup therapi pre pharmaci pre physic therapi pre public health pre veterinari medicin liber art scienc psycholog major psycholog gener psycholog appli psycholog minor psycholog liber art scienc religi studi minor religi studi liber art scienc slavic baltic languag literatur major russian major polish minor russian minor polish liber art scienc sociolog major sociolog minor sociolog nurs nurs nurs bsn complet program pharmaci pharmaci doctor pharmaci public health public health public health pre public health urban plan public affair public administr public polici joint public polici master public administr minor public polici urban plan public affair urban plan polici urban studi joint urban studi master urban plan polici minor geograph inform system minor sustain citi minor urban studi univers illinoi chicago appli onlin contact admiss privaci statement problem access site contact webmast board truste univers illinoi back top print option send page printer print page download page includ inform uniqu page download entir undergradu catalog page campu catalog cancel