http://catalog.uic.edu/gcat/faculty
skip content index catalog home institut home academ catalog search catalog undergradu catalog graduat catalog print download option uic home univers illinoi chicago catalog navig catalog navig graduat catalog academ calendar univers graduat studi uic degre program colleg school graduat cours descript graduat colleg graduat faculti archiv link graduat colleg websit home graduat catalog graduat faculti graduat faculti colleg appli health scienc colleg architectur design art colleg busi administr colleg dentistri colleg educ colleg engin graduat colleg colleg liber art scienc colleg medicin colleg nurs colleg pharmaci school public health jane addam colleg social work colleg urban plan public affair colleg appli health scienc biomed health inform scienc abraham joanna phd pennsylvania state univers bimmerl cathleen fordham univers bond sam univers illinoi chicago boyd andrew univers texa southwestern medic center brennan kevin univers illinoi chicago daugherti john univers michigan dieter michael phd mba univers illinoi chicago hitchcock loi mha univers lavern isola miriam drph univers illinoi chicago jorwic mph univers illinoi chicago kalagidi olympia univers illinoi chicago kitsiou spyro phd univers macedonia krive jacob phd nova southeastern univers lebowicz leah univers illinoi chicago luciano christian phd univers illinoi chicago orzechowski john mba marquett univers patena karen mba depaul univers pawola lawrenc pharmd shenandoah univers virginia prater valeri mba north central colleg swirski eric american univers valenta annett drph univers illinoi chicago wellman christa mam univers illinoi chicago wencel drake june phd univers illinoi chicago william felicia mpa roosevelt univers young christin john hopkin univers disabl human develop acharya kruti boston univers balcazar fabricio phd univers kansa davi lennard phd columbia univers fujiura glenn phd univers illinoi urbana champaign gill carol phd univers illinoi chicago grossman brian phd univers california san francisco hammel joy phd univers california berkeley hedman glenn meng univers virginia heller tamar phd univers illinoi chicago magasi susan phd univers illinoi chicago magaña sandi phd brandei univers mirza mansha phd univers illinoi chicago owen randal phd univers illinoi chicago parker harri sarah phd univers sydney politano patricia phd univers illinoi chicago rizzolo mari kay phd univers illinoi chicago sandahl carri phd univers wisconsin madison sufian sandra phd york univers kinesiolog nutrit baynard traci phd syracus univers braunschweig carol arbron phd univers michigan bustamant eduardo phd univers illinoi chicago fantuzzi giamila phd universitá degli studi milano itali fernhal phd arizona state univers foucher kharma phd univers illinoi chicago grabin mark phd univers illinoi urbana champaign hau jacob phd ball state univers koh timothi phd univers calgari marquez david phd univers illinoi urbana champaign odom young angela phd cornel univers sawer andrew phd univers washington song zhenyuan phd univers arkansa varadi kristina phd mcgill univers occup therapi carrol theresa otd otr washington univers fischer heidi otd otr univers illinoi chicago fisher gail phd otr univers illinoi chicago hammel joy phd otr univers california berkeley januszewski celest otd otr univers illinoi chicago khetani mari scd otr boston univers killian catherin otd otr univers illinoi chicago lee jenica otd otr washington univers magasi susan phd univers illinoi chicago mirza mansha phd otr univers illinoi chicago peterson elizabeth phd otr karolinska institutet sweden preissner kathi edd otr northern illinoi univers stoffel ashley otd otr washington univers suarez balcazar yolanda phd univers kansa taylor rene phd depaul univers physic therapi arena ross phd virginia commonwealth univers aruin alexand phd institut traumatolog orthoped latvia bhatt tanvi phd univers illinoi chicago courtney carol phd univers miami girolami gay phd univers illinoi chicago laddu deepika phd univers arizona madhavan sangeetha phd univers iowa phillip shane phd medic colleg wisconsin tzen ting phd univers pittsburgh colleg architectur design art architectur andersen paul march univers california angel bair kelli march univers california angel blankenbak sarah march southern california institut architectur brown david march univers california berkeley capomaggi julia phd polytechn univers barcelona jong judith march harvard graduat school design dean penelop phd univers california angel dunn sarah march columbia univers eisenschmidt alexand phd univers pennsylvania frye chri march univers illinoi urbana champaign gibson grant march univers illinoi chicago hick stewart march princeton univers jacob sam diploma architectur bartlett school architectur london jaworska ania march cranbrook academi art kelley thoma march princeton univers lalli sean march univers california angel lyster clare march yale univers marullo francesco phd delft univers technolog moddrel andrew march yale univers preissner paul march columbia univers somol robert phd univers chicago wheeler daniel barch rhode island school design zago andrew march harvard unives art fish julia maryland institut frid dianna mfa school art institut chicago geissler beat diploma hfg zkm karlsruh germani ischar dougla mfa california institut art malagrino silvia mfa univers illinoi chicago metzger matthew mfa univers chicago peterman dan mfa univers chicago raaf sabrina mfa school art institut chicago reeder jennif mfa school art institut chicago smith cauleen mfa univers california angel stratman deborah mfa california institut art tasset anthoni mfa school art institut chicago young nate mfa california institut art art histori archia elis phd univers california berkeley becker catherin phd univers california berkeley dubin nina phd univers california berkeley finegold andrew phd columbia univers harmansah ömür phd univers pennsylvania higgin hannah phd univers chicago lee lisa yun phd duke univers mekinda jonathan phd univers pennsylvania pollak martha phd massachusett institut technolog quinn phd univers illinoi chicago stimson blake phd cornel univers design ahmadi pouya mfa univers illinoi chicago fhnw hgk basel switzerland anderson brian mfa school art institut chicago berbic amir mfa school art institut chicago bracamont linda diploma schule fur gestaltung switzerland burdett ted bfa univers illinoi chicago burton philip bfa philadelphia colleg art davi ted mfa univers illinoi chicago fhnw hgk basel erwin kim mde illinoi institut technolog ferril meghan univers iowa ferron felicia barch miami univers ohio fisher jack henri mfa univers illinoi chicago hollau invar fhnw hgk basel switzerland jang sung master design domu academi milan itali lausen marcia mfa yale univers leiner mischa bestätigung weiterbildung für grafik kunstgewerbeschul basel switzerland lister andrew mfa yale univers mekinda jonathan phd univers pennsylvania melam stephen mfa univers illinoi chicago keef march univers pennsylvania oiga sharon mfa yale univers pfanner peter master design illinoi institut technolog renner michael bestätigung weiterbildung für grafik kunstgewerbeschul basel switzerland ryan zoe hunter colleg citi univers york susani marco master design domu academi milan itali towler wees cheryl mfa yale univers tsoupikova preuss daria mfa syracus univers wilken kimberle mfa univers illinoi chicago zolna robert master design illinoi institut technolog colleg busi administr account somnath phd carnegi mellon univers kim kyonghe phd univers pittsburgh kirschenheit michael phd northwestern univers lee sung han sam phd univers southern california siyi phd columbia univers mashruwala raj phd univers texa dalla pandit shailendra phd univers rochest ramakrishnan ram phd northwestern univers wen xiaoyan phd carnegi mellon univers busi administr balachandran sudhakar phd harvard univers bassett gilbert phd univers michigan bhattacharyya siddhartha phd univers florida bodnaruk andriy phd stockholm school econom bondarenko oleg phd california institut technolog brickson shelley phd harvard univers chandrasekaran ranganathan phd indian institut manag chaplin lan phd univers minnesota chen boxiao beryl phd univers michigan chen gari phd northwestern univers chen hsui lang phd univers illinoi urbana champaign chen jason phd univers michigan chirinko robert phd northwestern univers cui ann phd michigan state univers somnath phd carnegi mellon univers deberri spenc benet phd northwestern univers kellogg school manag engel ellen phd stanford univers gal david phd stanford univers guo jin phd univers minnesota yuheng phd arizona state univers ibrahim sajna phd binghamton univers judd scott phd univers arizona kirschenheit michael phd northwestern univers kluemper donald phd oklahoma state univers hanh phd york univers lee chang phd northwestern univers lee yew sing thoma phd yale univers siyi phd columbia univers liden robert phd univers cincinnati lynch john phd univers georgia malter alan phd univers wisconsin madison manheim mari beth watson phd georgia institut technolog martin melissa phd univers southern california mcwilliam abagail phd ohio state univers mikhail michael phd univers chicago nadarajah selva phd carnegi mellon univers nakata cheryl phd univers illinoi chicago nekrasov alexand phd univers minnesota twin citi nguyen quoc phd univers illinoi urbana champaign brien william phd purdu univers ouksel ari phd northwestern univers pagano anthoni phd pennsylvania state univers pandit shailendra shail phd ohio state univers perkin susan phd york univers potter richard phd univers arizona ramakrishnan ram phd northwestern univers renko maija phd florida intern univers rosenth dale phd univers chicago sauerwald steve phd univers texa dalla sclove stanley phd columbia univers shanley mark phd univers pennsylvania shrader rodney rod phd georgia state univers sohaili azad negar phd carnegi mellon univers spanjol jelena phd univers illinoi urbana champaign tafti ali phd univers michigan tang elina phd univers missouri tulabadhula theja phd massachusett institut technolog wang fangfang phd univers north carolina chapel hill wayn sandra phd texa univers westland christoph phd univers michigan wynter matthew phd ohio state univers zhang lan phd univers chicago zhang rong iren phd univers missouri columbia inform decis scienc bhattacharyya siddhartha phd univers florida chandrasekaran ranganathan phd indian institut manag lee yew sing thoma phd yale univers manheim mari beth watson phd georgia institut technolog nadarajah selvaprabu phd carnegi mellon univers ouksel ari phd northwestern univers potter richard phd univers arizona sclove stanley phd columbia univers soheili azad negar phd carnegi mellon univers tafti ali phd univers michigan wang fangfang phd univers north carolina chapel hill westland christoph phd univers michigan zhang kungpeng phd northwestern univers colleg dentistri oral scienc adami guy phd univers connecticut afshari fatemeh harvard school dental medicin univers illinoi chicago alapati satish phd bapuji dental colleg hospit india ohio state univers alrayy sahar northwestern univers dental school univers illinoi chicago ashrafi seema univers illinoi chicago atsawasuwan phimon msc phd mahidol univers thailand eastman dental institut unit kingdom univers north carolina chapel hill univers illinoi chicago avenetti david msd mph univers california angel univers washington bagchi srilata phd univers calcutta india bahcal jame dmd ficd facd marquett univers tuft univers bedran russo ana karina state univers campina brazil campbel stephen medic colleg virginia caplin jennif dmd univers pennsylvania univers illinoi chicago chen lin phd chongq medic univers china ymagata univers japan chung seunghyuk dvm phd chungnam nation univers south korea univers calgari cohen rhonna phd univers illinoi chicago colvard michael phd rcsed loyola univers dental school graduat theolog foundat royal colleg surgeon edinburgh unit kingdom cooper lyndon phd york univers univers rochest crow david phd harvard univers dipietro luisa phd univers illinoi chicago doubleday alison phd indiana univers fadavi rudsari shahrbanno univers tehran univers illinoi chicago fayad moham phd cairo univers egypt univers buffalo york gajendrareddi praveen phd medic univers chennai india ohio state univers galang boquiren maria dmd univers philippin univers illinoi chicago garcia mari clair loyola univers univers illinoi chicago georg ann msc phd univers saurashtra india univers madra india gholami fatemah msd tehran univers medic scienc iran nova southeastern univers colleg dental medicin goben abigail john univers han michael univers california angel haqu mehedia dmd harvard school dental medicin iriart diaz jose phd universidad chile chile brown univers izaguirr gonzalo phd univers maryland johnson bradford mhpe virginia commonwealth univers univers illinoi chicago karateew dwayn columbia univers kast linda phd univers maryland baltimor harvard school public health univers north carolina chapel hill kast linda phd univers north carolina chapel hill kawar nadia univers jordan jordan loui univers kim jiyeon dmd harvard school dental medicin univers california angel knoernschild kent southern illinoi univers univers iowa koerber ann phd northwestern univers medic school univers iowa kratunova evelina mfd dcd triniti colleg dublin ireland univers sofia bulgaria royal colleg surgeon ireland kusnoto budi univers indonesia univers illinoi chicago lehew charl mpa phd northwestern univers univers illinoi chicago haitao phd capit univers medic scienc china univers connecticut univers illinoi chicago luan kevin king colleg london unit kingdom univers pennsylvania luan xianghong harbin medic univers china marini aristot dmd nation kapodistrian univers athen greec univers iowa univers illinoi chicago marion ian univers pacif univers washington markiewicz michael mph oregon health scienc univers univers buffalo oregon health scienc univers mathew mathew phd univers strathclyd unit kingdom meng xiaoxian susan dmd phd mph univers pennsylvania univers florida miloro michael dmd fac tuft univers univers pennsylvania naqvi afsar phd jamia millia islamia intern center genet engin biotechnolog india nare salvador phd mba univers texa paso texa univers baylor colleg dentistri nichola christina phd univers iowa obaisi noor univers illinoi chicago obrez ale dmd phd univers ljubljana medic school republ slovenia univers illinoi chicago patston philip dphil univers oxford raja sheela phd univers illinoi chicago ravindran sriram phd univers illinoi chicago reed david phd univers chicago roucka tom medic colleg wisconsin univers illinoi chicago sahni jasjot sri guru ramada institut dental scienc research amritsar india schmerman michael northwestern unviers schwartz joel dmd dmsc harvard univers stanford clark phd univers iowa steinberg arnold univers illinoi sukotjo cortino phd universita padjadjaran indonesia univers california angel tao lin phd beij medic univers china univers connecticut thalji ghadeer phd univers jordan univers north carolina chapel hill tozum tolga phd gazi univers hacettep univers turkey tsay tzong guang peter phd taiwan univers marquett univers northwestern univers viana maria grace univers rio janeiro brazil watanab keiko phd univers southern california univers illinoi chicago christin phd nation taiwain univers loyola univers xie qian phd west china colleg stomatolog yang bin phd peke univers china christian albrecht univers yuan judi chia chun phd state univers york buffalo zhou xaiofeng charl phd boston univers fonseca marcio phd feder univers juiz fora brazil univers minnesota twin citi colleg educ curriculum instruct chou victoria phd univers wisconsin madison gavelek jame phd washington state univers gutstein eric phd univers wisconsin madison larnel gregori vincent phd michigan state univers martin danni bernard phd univers california berkeley moral paola zitlali phd univers california angel moral doyl daniel phd univers illinoi chicago olson jennif phd univers illinoi chicago phillip nathan phd vanderbilt univers podsiadlik edward phd univers illinoi chicago radinski joshua phd northwestern univers rao arthi edd depaul univers raphael taffi phd univers illinoi urbana champaign razfar aria phd univers california angel schubert william phd univers illinoi urbana champaign schutz kristin phd univers michigan tatum alfr phd univers illinoi chicago trinder victoria phd univers illinoi chicago varela maria phd univers illinoi chicago webb torica phd columbia univers woodard rebecca phd univers illinoi urbana champaign educ polici studi barron cynthia phd loyola univers cosner shelbi phd univers wisconsin madison irbi decoteau phd templ univers lipman paulin phd univers wisconsin madison mayrowetz david edd rutger univers miller christoph phd univers wisconsin madison nguyen nicol phd syracus univers salisburi jason phd univers wisconsin madison stoval david omotoso phd univers illinoi urbana champaign superfin benjamin phd univers michigan tozer steven phd univers illinoi urbana champaign educ psycholog becker joseph phd queen mari colleg univers london brittian aerika phd tuft univers goncu artin phd univers houston hellison donald phd ohio state univers horn stacey phd univers maryland colleg park humphri marisha phd univers illinoi chicago karabatso georg phd univers chicago katsiafica dalal phd univers california angel lawless kimberli phd univers connecticut main catherin med univers illinoi chicago myford carol phd univers chicago sheridan kathleen phd univers wisconsin madison smith everett phd univers connecticut thoma michael phd univers indiana bloomington thorkildsen theresa phd purdu univers yin yue phd stanford univers special educ cush lisa phd univers oregon hugh mari tejero phd univers miami kim sunyoung phd univers wisconsin madison lopez reyna norma phd univers california santa barbara maggin daniel phd vanderbilt univers parker katz michel phd michigan state univers talbott elizabeth phd univers virginia waitol federico phd arizona state univers colleg engin bioengin alapati satish phd ohio state univers amirouch farid phd univers cincinnati ansari anjum phd univers illinoi urbana champaign art jonathan phd univers chicago azar dimitri phd american univers beirut banach kathrin phd univers bern banerje prashant phd northwestern univers bartholomew amelia phd purdu univers bedran russo ana karina phd piracicaba school dentistri benevolenskay elizaveta phd moscow state univers berger wolf tanya phd univers illinoi urbana champaign bhaumik dulal phd univers maryland baltimor boehm john univers illinoi urbana champaign boregowda satish phd dominion univers bradi scott phd univers southern california brand rauf paul drph scd columbia univers carley david phd harvard univers cetinkunt sabri phd georgia institut technolog chamber donald phd columbia univers dai yang phd univers tsukuba japan dasgupta bhaskar phd univers minnesota diwekar urmila phd indian institut technolog drummond jame lawrenc phd univers illinoi chicago dull randal phd univers illinoi chicago pennsylvania state univers dyer norman phd univers illinoi chicago eddington david phd univers wisconsin madison eisenberg robert phd univers colleg london enni william york colleg osteopath medicin erricolo danilo phd polytechn institut milan esmailbeigi hananeh phd univers illinoi chicago espinoza oria alejandro phd univers notr dame evan carlotta carla harvard univers univers michigan ann arbor feinerman alan phd northwestern univers feinstein dougla john hopkin univers felder anthoni phd unives illinoi chicago foucher kharma phd univers illinoi chicago garcía martínez jesú phd centro investigacion estudio avanzado del ipn mexico universidad autonoma coahuila gemeinhart richard phd purdu univers georg ann phd univers madra india gimi barjor phd univers illinoi chicago goldman jennif northwestern univers grabin mark phd univers illinoi urbana champaign hanley luke phd state univers york stoni brook hedman glenn phd univers illinoi chicago hetl john phd univers illinoi chicago huang felix phd univers michigan ann arbor iriart diaz felix phd brown univers jefferi constanc phd univers california berkeley jimenez moral david phd univers illinoi chicago katra rodolph phd case western reserv univers kenney linda phd univers pennsylvania kenyon robert phd univers california berkeley khetani salman phd univers california san diego klatt dieter phd humboldt univers berlin germani koh timothi phd univers calgari kotch miiri phd univers illinoi chicago kotecha prakash phd indian institut technolog bombay ladu mari phd univers illinoi chicago larson andrew phd northwestern univers layton terri phd univers virginia lazarov orli phd weizmann institut scienc israel lee adrian univers illinoi urbana champaign lee jame phd univers pennsylvania leow alex phd nation taiwan univers univers california angel levitan irena phd hebrew univers jerusalem xue jun phd fudan univers china liang jie phd univers illinoi urbana champaign linning andrea phd technic univers vienna liu chunyu phd hunan medic univers china hui phd univers illinoi urbana champaign luciano cristian phd univers illinoi chicago lundberg hannah phd univers iowa phd brown univers magin richard phd univers rochest mahmud nadim phd mie univers japan mansoori ali phd univers oklahoma mashayek farzad phd state univers york buffalo mathew mathew phd univers strathclyd unit kingdom minshal richard phd univers illinoi chicago mogul david phd northwestern univers murer sasha erin phd univers chicago univers illinoi chicago natarajan raghu phd univers london niederberg craig phd univers pittsburgh ochia ruth phd univers washington seattl neill william phd univers notr dame pai clive phd univers iowa papautski ian phd univers utah patton jame phd northwestern univers patwardhan avinash phd oklahoma state univers penn richard columbia colleg physician surgeon pepperberg david phd massachussett institut technolog perkin david phd albert einstein colleg medecin boston univers petukhov pavel phd novosibirsk institut organ chemistri russia pietrzak william phd univers illinoi chicago plaa sandi anna phd univers wale rehman jale technisch universitat germani renner susan phd univers illinoi chicago royston thoma phd ohio state univers rymer william zey phd melbourn univers australia monash univers australia sagger laxman phd univers michigan ann arbor salmon patrick phd université pierr mari curi pari schonfeld dan phd john hopkin univers schwartz joel dmsc dmd harvard univers tuft univers scott michael phd california institut technolog sena kotaro phd tokyo medic dental univers shabana ahm phd univers iowa shapiro mark phd univers illinoi chicago sharma sadhana phd univers illinoi chicago shin jae won phd univers pennsylvania shippi scott phd univers illinoi urbana champaign shokuhfar tolou phd michigan technolog univers shukla deepak phd univers illinoi chicago stebbin glenn phd univers arizona stroscio michael phd yale univers sugaya kiminobu phd univers tokyo sukotjo cortino phd universita padjadjaran indonesia univers california angel super boaz phd univers texa austin szlyk janet phd fordham univers takoudi christo phd univers minnesota tek peter univers illinoi chicago towl joseph phd stanford univers tresch matthew phd massachusett institut technolog ucker david phd univers california san francisco virdi amarjit phd univers oxford walsh michael phd univers lancast unit kingdom wang yong phd fourth militari medic univers china weinberg guy tulan univers westbrook carol phd univers chicago wimmer marku phd technic univers munich yang shaolin phd wuhan univers china yao xincheng phd chines academi scienc zeng fanyi phd univers pennsylvania zheng qipe phd fudan univers china zhou xiaohong joe phd univers illinoi urbana champaign chemic engin hallaj phd illinoi institut technolog berri vika phd virginia polytechn institut state univers chaplin brian phd univers illinoi urbana champaign cheng gang phd univers washington jameson cynthia phd univers illinoi urbana champaign kim sangil phd virginia polytechn institut state univers liu ying phd princeton univers mansoori ali phd univers oklahoma mehraeen shafigh phd stanford univers nitsch ludwig phd massachusett institut technolog sharma vivek phd georgia institut technolog singh meenesh phd purdu univers takoudi christo phd univers minnesota wedgewood lewi phd univers wisconsin madison zdunek alan phd illinoi institut technolog civil materi engin ansari farhad phd univers illinoi chicago burk christoph phd purdu univers chi sheng wei phd univers california angel chudnovski alexand phd leningrad civil engin institut russia derribl sybil phd univers toronto foster craig phd stanford univers indacochea ernesto phd colorado school mine issa mohsen phd univers texa karpov eduard phd univers southampton england khodadoust amid phd univers cincinnati lin jie jane phd univers california davi mahamid mustafa phd univers wisconsin milwauke mcnallan michael phd massachusett institut technolog mohammadian abolfazl kouro phd univers toronto connor ben phd univers minnesota ozevin didem phd lehigh univers reddi krishna phd illinoi institut technolog rockn karl phd univers washington thei thoma phd univers notr dame chien heng phd univers minnesota zou phd univers california berkeley comput scienc berger wolf tanya phd univers illinoi urbana champaign bernstein daniel phd univers california berkeley buy ugo phd univers massachusett checkoway stephen phd univers california san diego cruz maria isabel phd univers toronto dasgupta bhaskar phd univers minnesota eugenio barbara phd univers pennsylvania eriksson jakob phd univers california riversid gmytrasiewicz piotr phd univers michigan johnson andrew phd wayn state univers kenyon robert phd univers california berkeley kshemkalyani ajay phd ohio state univers lilli john phd univers california san diego linning andrea phd vienna univers technolog liu bing phd univers edinburgh lyon leilah phd univers michigan moher thoma phd univers minnesota nelson peter phd northwestern univers rhode charl kirkham phd massachusett institut technolog schonfeld dan phd john hopkin univers shatz sol phd northwestern univers sistla prasad aravinda phd harvard univers sloan robert phd massachusett institut technolog solworth jon phd courant institut mathemat scienc york univers taylor cynthia phd univers california san diego vamanan balaje phd purdu univers venkatesan natarajan venkatakrishnan phd stoni brook univers wolfson ouri phd columbia univers philip phd stanford univers zhang xinhua phd australian nation univers zuck lenor phd weizmann institut scienc israel comput scienc adjunct faculti darabi houshang phd rutger univers hite michael phd illinoi institut technolog jone steve phd univers illinoi urbana champaign liang jie phd univers illinoi urbana champaign ohlsson stellan phd univers stockholm sweden patton jim phd northwestern univers rao wenj phd univers california san diego reyzin lev phd yale univers shafiro valeriy phd citi univers york turan gyrorgi phd joszef univers hungari zefran milo phd univers pennsylvania electr comput engin ansari rashid phd princeton univers devroy natasha phd harvard univers dutt shantanu phd univers michigan dutta mitra phd univers cincinnati erricolo danilo phd univers illinoi chicago feinerman alan phd northwestern univers liu derong phd univers notr dame mazumd sudip phd virginia polytechn institut state univers metlushko vitali phd moscow state univers paprotni igor phd dartmouth colleg rao wenj phd univers california san diego schonfeld dan phd john hopkin univers seferoglu hulya phd univers california irvin shi junxia luci phd cornel univers ithaca smida besma phd univers quebec inr soltanalian mojtaba phd uppsala univers stroscio michael phd yale univers trivedi amit phd georgia institut technolog tuninetti daniela phd telecom pari yang zheng phd univers california riversid zefran milo phd univers pennsylvania zhang amit phd colleg william mari zhu zhichun phd colleg william mari mechan industri engin abiad jeremiah phd univers florida gainesvil aggarw suresh phd georgia institut technolog amirouch farid phd univers cincinnati anand sushant phd univers cin banerje prashant phd purdu univers baranescu rodica phd univers politehnica bucharest romania bernik max phd massachusett institut technolog brezinski kenneth phd citi univers york brown michael phd univers illinoi chicago cetinkunt sabri phd georgia institut technolog cha soyoung phd univers michigan darabi houshang phd rutger univers hatami marbini hame phd renssela polytechn institut david phd univers iowa mengqi phd arizona state univers lin phd univers michigan lilley carmen phd northwestern univers lucian cristian phd univers illinoi chicago mashayek farzad phd state univers york buffalo megaridi constantin phd brown univers minkowycz phd univers minnesota pan yayu phd univers southern california paoli roberto phd univers rome sapienza royston thoma phd ohio state univers ryan william phd illinoi institut technolog sagger laxman phd univers michigan ann arbor salehi khojin amin phd clemson univers scott michael phd california institut technolog shabana ahm phd univers iowa shahbazian yassar reza phd washington state univers siow yeow phd michigan technolog univers subramanian arunkumar phd institut robot eth zurich szwalek jamison phd univers michigan william quintin phd univers minnesota twin citi jie phd columbia univers yarin alexand phd institut problem mechan russia graduat colleg learn scienc castro superfin alison phd univers michigan goldman susan phd univers pittsburgh lawless kimberli phd univers connecticut lyon leilah phd univers michigan martin danni bernard phd univers california berkeley martinez mara phd tuft univers moher thoma phd univers minnesota pellegrino jame phd univers colorado radinski joshua phd northwestern univers stieff mike phd northwestern univers tozer steve phd univers illinoi urbana champaign wink donald phd harvard univers neurosci abram charl phd albert einstein colleg medicin ajilor olusola phd stanford univers alfonso aixa phd univers wisconsin madison alford simon phd univers london art jonathan phd univers chicago aruin alexand phd institut traumatolog orthoped latvia bell aleeca phd univers illinoi chicago bernik max phd massachusett institut technolog bongarzon ernesto phd univers bueno air bradi scott phd univers southern california brodi mark phd univers illinoi chicago calik michael phd loyola univers chicago carley david phd harvard univers carrith michael phd univers illinoi urbana champaign chang chieh phd california institut technolog chauhan neelima phd univers baroda india child emma phd king colleg london chuang chiou fen phd california institut technolog chung seung dvm phd univers calgari cum school medicin canada cologna stephani phd texa univers cook edwin univers texa medic branch galveston dong erbo phd toyama univers japan eddington david phd univers wisconsin madison feinstein dougla phd john hopkin univers gavin david univers illinoi chicago gong liang wei phd cornel univers grassi michael northwestern univers grayson denni phd wayn state univers guidotti alessandro york univers hasan ziaul phd massachusett institut technolog herben ellen phd harvard univers hetl john phd univers illinoi chicago hornbi thoma georg phd univers arizona janson christoph yale univers jeffrey constanc phd univers california berkeley jin hua phd univers michigan ann arbor ladu mari phd univers illinoi langeneck scott phd marquett univers larson john phd univers california irvin lasek ami phd cornel univers lasley stephen phd univers louisvil laurito charl univers pittburgh lazarov orli phd weizmann institut scienc israel leonard john phd cornel univers leow alex phd univers california angel loeb jeffrey phd univers illinoi chicago lutz sarah phd albert einstein colleg medicin lysakowski anna phd univers illinoi madhavan sangeetha phd northwestern univers magin richard phd univers rochest maki paulin phd univers minnesota malchow robert paul phd state univers york stoni brook mcanay jame phd univers illinoi chicago minshal richard phd univers illinoi chicago morfini gerardo phd nation univers cordoba argentina bryan john phd univers north carolina chapel hill neill william phd univers notr dame pandey dilip phd univers texa pandey ghanshyam phd pandey subhash phd central drug research institut india park thoma phd univers maryland patton jame phd northwestern univers pavuluri nagamani mani phd andra univers india univers otago zealand pepperberg david phd massachusett institut technolog phan luan univers michigan pliskin neil univers illinoi chicago pradhan amynah phd mcgill univers ragozzino michael phd univers virginia rasenick mark phd wesleyan univers reilli stephen phd univers york england richmond janet phd univers calgari roitman jami phd univers washington roitman mitchel phd univers washington seattl rosen cheris phd saxena ankur phd univers texa southwestern medic center schonfeld dan phd john hopkin univers shahidi mahnaz phd univers illinoi chicago sharma kamal phd india institut medic scienc sharma rajiv ghandi medic colleg india shippi scott phd univers illinoi urbana champaign slavin konstantin azerbaijan state medic institut smalheis neil phd yeshiva einstein song fei phd kyushu univers japan stratford thoma phd univers illinoi chicago testai fernando phd unives bueno air thatcher gregori phd univers toronto thulborn keith washington univers valyi nagi tibor phd hungarian academi scienc wang zaij jim phd univers california san francisco weinburg guy chicago medic school wheeler peggi univers illinoi chicago wirtshaft robert david phd univers illinoi chicago wolf william phd georg washington univers yoshii akira phd keio univers japan colleg liber art scienc anthropolog bauer brian phd univers chicago bedi tarini phd univers illinoi chicago doan molli phd citi univers york feinman gari phd citi univers york hasenstab robert phd univers massachusett hendrickson mitch phd univers sydney junker laura lee phd univers michigan lamotta vincent phd univers arizona liechti mark phd univers pennsylvania monaghan john phd univers pennsylvania palka joel phd vanderbilt univers parkinson william phd univers michigan reddi gayatri phd emori univers roosevelt anna phd columbia univers terrel john phd harvard univers wali alaka phd columbia univers william patrick phd univers florida william sloan phd northwestern univers biolog scienc alfonso aixa phd univers wisconsin madison ashley mari phd univers california san diego bassirirad hormoz phd univers arizona brown joel phd univers arizona chang chieh phd california institut technolog chuang chiou fen phd california institut technolog dubreuil ronald phd univers illinoi chicago featherston david phd utah state univers gong liang wei phd militari medic univers gonzalez meler miquel phd univers barcelona henri phd univers michigan ann arbor igic bori phd univers california san diego jefferi constanc phd univers california berkeley kay brian phd yale univers leonard john phd cornel univers lynch jeremi phd york univers malchow robert paul phd state univers york stoni brook mason gamer roberta phd univers connecticut minor emili phd duke univers morrison donald phd yale univers okkema peter phd univers wisconsin madison oren teresa vale phd northwestern univers park thoma phd univers maryland polikanov yuri phd rutger univers poretski rachel phd univers georgia richmond janet phd univers calgari saxena ankur phd univers texa southwestern medic center stone david phd univers wisconsin madison warpeha katherin phd univers illinoi urbana champaign wise david phd univers michigan chemistri aldrich lesli phd vanderbilt univers anderson laura phd univers california berkeley cabana jordi phd universitat autònoma barcelona spain cho wonhwa phd univers chicago cologna stephani phd texa univers dimagno stephen phd univers california berkeley driver tom phd univers california irvin fung lesli phd massachusett institut technolog gevorgyan vladimir phd institut organ synthesi latvia glusac ksenija phd univers florida hanley luke phd state univers york stoni brook ying phd rice univers jiang nan phd chines academi scienc prc kral petr phd academi scienc pragu lee daesung phd stanford univers lorieau justin phd columbia univers mankad neal phd california institut technolog miller lawrenc phd univers wisconsin madison mohr justin phd california institut technolog shippi scott phd univers illinoi urbana champaign snee preston phd univers california berkeley stieff michael phd northwestern univers trenari michael phd massachusett institut technolog wardrop duncan phd univers glasgow unit kingdom wink donald phd harvard univers yang xiaoj phd univers chicago zhou huan xiang phd drexel univers commun jone john phd univers illinoi urbana champaign jone steven phd univers illinoi urbana champaign lind rebecca ann phd univers minnesota massanari adrienn phd univers washington meraz sharon phd univers texa austin papacharissi zizi phd univers texa austin rojecki andrew phd northwestern univers yuan jingyan elain phd northwestern univers criminolog law justic bird jessica phd univers edinburgh erez edna phd univers pennsylvania frohmann lisa phd univers california angel hagedorn john phd univers wisconsin milwauke ibarra peter phd univers california santa cruz matoesian greg phd univers missouri columbia mccarti william phd univers nebraska richi beth phd citi univers york rodriguez helena olea llm notr dame universidad bogota colombia rosenbaum denni phd loyola univers chicago emeritu schew paul phd northern illinoi univers schuck ami phd univers south florida ullman sarah phd brandei univers earth environment scienc berkelhamm max phd univers southern california bogner jean phd northern illinoi univers dombard andrew phd washington univers loui gonzalez meler miquel phd univers barcelona guggenheim stephen phd univers wisconsin madison kenig fabien phd universit orlean franc lesht barri phd univers chicago meyer dombard arci phd washington univers loui nagi kathryn phd texa univers plotnick roy phd univers chicago sit stefani phd miami univers stein carol phd columbia univers econom casey marcu phd univers illinoi urbana champaign chaloupka frank phd citi univers york feigenberg benjamin phd massachusett institut technolog hembr erik phd univers wisconsin kaestner robert phd citi univers york karra georgio phd ohio state univers lehrer evelyn phd northwestern univers lubotski darren phd univers california berkeley offic lawrenc phd harvard univers ost ben phd cornel univers peck richard merton phd princeton univers perski joseph phd harvard univers pieper paul phd northwestern univers qureshi javaeria phd univers chicago rivkin stephen phd univers california angel stoke houston phd univers chicago taura john phd univers illinoi chicago english agnani sunil phd columbia univers ashton jennif phd john hopkin univers barn natasha phd univers michigan bestul thoma phd harvard univers brown nichola phd duke univers cameron richard phd univers pennsylvania canuel mark phd john hopkin univers chiang mark phd univers california berkeley cintron ralph phd univers illinoi chicago clark ainsworth cornel univers coveillo peter phd cornel univers davi lennard phd columbia univers destigt todd phd univers michigan ann arbor dubey madhu phd univers illinoi urbana champaign feldman ann phd state univers york buffalo emerita freeman lisa phd univers pennsylvania gardin judith kegan phd columbia univers emerita graff gerald phd stanford univers emeritu grey robin phd univers california angel grime christoph phd univers wisoconsin milwauke harkin patricia phd miami univers emerita havelrock rachel phd univers california berkeley huls clark phd claremont graduat univers emeritu huntington john phd univers california berkeley emeritu jun helen phd univers california san diego kornbluh anna phd univers california irvin lukach ned phd duke univers emeritu mazza christina mfa citi univers york brooklyn mccloskey deirdr phd harvard univers michael walter benn phd univers california santa barbara mufti nasser phd univers california irvin pugh christina phd harvard univers ream robin phd carnegi mellon univers reev roger phd univers texa austin rose mari beth phd duke univers schaafsma david phd univers michigan tabbi joseph phd univers toronto thoma alfr phd cambridg univers triniti hall urrea lui univers chicago whalen terenc phd duke univers wildman eugen univers chicago emeritu william jessica phd univers pennsylvania winter ann phd univers california berkeley emerita xiang xuehua phd pennsylvania state univers french francophon studi ireland john phd york univers mcclure ellen phd univers michigan miner margaret phd yale univers robert yann phd princeton univers german studi fortmann patrick phd harvard univers hall sara phd univers california berkeley loentz elizabeth phd ohio state univers meyer imk phd univers washington rott susann phd univers illinoi urbana champaign schlipphack heidi phd univers washington tantillo astrida orl phd univers chicago hispan italian studi cabrelli amaro jennif phd univers florida cameron richard phd univers pennsylvania gajic tatjana phd duke univers gonzález vilbazo kay phd univers cologn hernández pecoraro rosili phd univers california irvin lópez carretero lui phd cornel univers marsh walter steven phd queen colleg morgan short kara phd georgetown univers niebylski dianna phd brandei univers núñez cedeño rafael phd univers minnesota potowski kimberli phd univers illinoi urbana champaign riera gabriel phd univers california irvin rosman silvia phd princeton univers saona maria margarita phd columbia univers histori agnani sunil phd columbia univers blair cynthia phd harvard univers boyer christoph phd univers chicago brier jennif phd rutger univers chavez joaquin phd york univers dali jonathan phd harvard univers goodman adam phd univers pennsylvania hopp kirk phd boston univers hostetl laura phd univers pennsylvania hudson lynn phd indiana univers jin michael phd univers california santa cruz johnston robert phd rutger univers jordan nicol noell phd london school econom keen ralph phd univers chicago levi richard phd yale univers liechti mark phd univers pennsylvania mantena rama phd univers michigan ann arbor mcclure ellen phd univers michigan ann arbor mccrilli neal phd univers illinoi chicago mogiln marina phd rutger univers negrin hayley phd york univers quadri junaid phd mcgill univers ransbi barbara phd univers michigan ann arbor schultz kevin phd univers california berkeley sklanski jeffrey phd columbia univers stauter halst keeli phd univers michigan tantillo astrida phd univers chicago todd breland elizabeth phd univers chicago latin american latino studi aguilera skvirski salom phd univers pittsburgh bada xóchitl phd univers notr dame boyer christoph phd univers chicago buechler simon phd columbia univers citron ralph phd univers illinoi chicago feldman andrea phd univers notr dame flore gonzalez nilda phd univers chicago gutierrez elena phd univers michigan ann arbor macia patrisia phd univers california berkeley palka joel phd univers california san diego roa carerra cristian phd princeton univers villa flore javier phd univers california san diego angel torr maria phd univers michigan mathemat statist comput scienc abramov rafail phd rensselear polytechn institut awan gerard phd univers georgia bona jerri phd harvard univers castro superfin alison phd univers michigan cheskidov alexey phd indiana univers cojocaru alina phd queen univers canada coskun izzet phd harvard univers duma david phd harvard univers ein lawrenc man hou phd univers california berkeley friedland shmuel dsc technion israel furman alexand phd hebrew univers jerusalem goldbr isaac phd univers illinoi urbana champaign greenblatt michael phd princeton univers grove daniel dphil univers oxford heard melvin phd purdu univers hedayat samad phd cornel univers kauffman loui phd princeton univers knessl charl phd northwestern univers lekili yanki phd massachusett institut technolog majumdar dibyen phd indian statist institut india marker david phd yale univers martin danni phd univers california berkeley martin ryan phd purdu univers martinez mara phd tuft medic school mubayi dhruv phd univers illinoi urbana champaign nencui irina phd california institut technolog nichol david phd brown univers ouyang cheng phd northwestern univers reyzin lev phd yale univers rosend christian phd univers pari shipley brook phd massachusett institut technolog shvydkoy roman phd univers missouri columbia sinapova dima phd univers california angel sparber christof phd univers vienna suk andrew phd york univers takloo bighash ramin phd john hopkin univers tucker kevin phd univers michigan turan gyorgi phd jozef univers hungari verscheld jan phd katholiek universiteit leuven belgium wang jing phd michigan state univers wang junhui phd univers minnesota whyte kevin phd univers chicago yang jie phd univers chicago yang min phd univers illinoi chicago philosophi almotahari mahrad phd massachusett institut technolog eaton ann wescott phd univers chicago fleischack samuel phd yale univers gray aidan phd univers chicago hilbert david phd stanford univers huggett nichola phd rutger univers hylton peter phd harvard univers jarrett jon phd univers chicago laden anthoni phd harvard univers meinwald constanc phd princeton univers schechtman marya phd harvard univers sedgwick salli phd univers chicago sinkler georgett phd cornel univers small phd univers chicago sutherland daniel phd univers california angel whippl john phd univers california irvin physic ansari anjum phd univers illinoi urbana champaign aratyn henrik phd univers copenhagen denmark campuzano juan carlo phd univers wisconsin madison cavanaugh richard phd florida state univers crabtre georg phd univers illinoi chicago evdokimov olga barannikova phd joint institut nuclear research russia ivanovo state univers russia fatemeh khalili araghi phd univers illinoi urbana champaign gerber cecilia phd universidad bueno air grein christoph phd princeton univers hofman david phd state univers york stoni brook imbo tom phd univers texa austin keung wai yee phd univers wisconsin madison khalili araghi fatemeh phd univers illinoi urbana champaign klie robert phd univers illinoi chicago morr dirk phd univers wisconsin madison ogut serdar phd yale univers perez sala ursula phd univers maryland colleg park schlossman mark phd cornel univers schroeder walter andrea phd imperi colleg scienc tech sivananthan sivalingam phd univers illinoi chicago stephanov misha phd oxford univers unwin jame phd univers oxford varela niko phd univers rochest zhenyu phd univers hamburg germani yee ung phd yale univers zhou huan xiang phd drexel univers polit scienc alexand alba phd univers chicago bruhl robert phd univers illinoi chicago choi seung whan phd univers missouri engelmann stephen phd john hopkin univers feldmann andrea phd univers notr dame filindra alexandra phd rutger univers floro katharin phd univers pittsburgh johnson cedric phd univers maryland judd denni phd univers illinoi urbana champaign kaplan noah phd columbia univers kostadinova petia phd florida state univers lyle kevin phd washington univers loui mcfarland andrew phd univers california berkeley mckenzi evan phd univers southern california univers california angel mooney christoph phd univers wisconsin madison moruzzi norma phd john hopkin univers motyl matt phd univers virginia pallar amalia phd univers texa simpson dick phd indiana univers skitka linda phd univers california berkeley tepe sultan phd univers texa austin zhang yue phd princeton univers angel torr maria phd univers michigan psycholog behar evelyn phd pennsylvania state univers birman dina phd univers maryland bottom bett phd state univers york buffalo cervon daniel phd stanford univers french rolnick sabin phd york univers goldman susan phd univers pittsburgh herben ellen phd harvard univers kassel jon david phd univers pittsburgh larson jame phd univers washington maki paulin phd univers minnesota mckirnan david phd mcgill univers canada mermelstein robin phd univers oregon morgan short kara phd georgetown univers murphi mari phd stanford univers ohlsson stellan phd univers stockholm pellegrino jame phd univers colorado ragozzino michael phd univers virginia raney gari phd univers florida reilli stephen phd univers york england rey karina phd depaul univers riger stephani phd univers michigan roitman jami phd univers washington seattl roitman mitchel phd univers washington seattl ruderman audrey phd rutger univers shankman stewart phd stoni brook univers skitka linda phd univers california berkeley storm benjamin phd univers california angel sweeney john phd syracus univers trickett edison phd ohio state univers weissberg roger phd univers rochest wiley jennif phd univers pittsburgh wirtshaft robert david phd univers illinoi chicago slavic baltic languag literatur markowski michael pawet phd jagiellonian univers poland mcquillen colleen phd columbia univers subaciu giedriu phd vilniu univers lithuania underhil karen phd univers chicago vaingurt julia phd harvard univers sociolog bailey ami phd univers washington barrett richard phd univers michigan emeritu bielbi william phd univers wisconsin madison clarno andi phd univers michigan collin sharon phd northwestern univers emerita decoteau clair phd univers michigan flore gonzalez nilda phd univers chicago garcia lorena phd univers california santa barbara gordon rachel phd univers chicago harri school jone jennif phd univers california berkeley krysan maria phd univers michigan ann arbor lewi amanda phd univers michigan macia roja patrisia phd univers california berkeley mahesh somashekhar phd princeton univers mcinerney paul brian phd columbia univers popielarz pamela phd cornel univers risman barbara phd univers washington atef phd univers michigan schaffner lauri phd univers california berkeley semyonov mosh phd state univers york stoni brook emeritu colleg medicin anatomi cell biolog alford simon phd univers london art jonathan phd univers chicago bongarzon ernesto phd univers bueno air bradi scott phd univers southern california feinstein dougla phd john hopkin univers georg ann phd univers madra india givogri maria iren phd nation univers cordoba argentina ikegaki naohiko phd univers pennsylvania kumar nalin phd univers oxford ladu mari phd univers illinoi lazarov orli phd weizmann institut scienc israel lutz sarah phd albert einstein colleg medicin lysakowski anna phd univers illinoi morfini gerardo phd nation univers cordoba argentina pandey subhash phd central drug research institut india pescitelli mauric phd univers illlinoi rogalski wilk adrienn phd univers illinoi sharma kamal phd india institut medic servic india tai leon phd open univers tseng kuei phd univers bueno air argentina yoshii akira keio univers japan biochemistri molecular genet ackerman steven phd mcgill univers canada afelik solomon phd univers goettingen germani benevolenskaya elizaveta phd moscow state univers russia caffrey michael phd univers arizona colley karen phd washington univers loui friedenson bernard phd univers minnesota frolov maxim phd moscow state univers russia gaponenko vadim phd univers cincinnati grippo paul phd univers wisconsin madison hay nissim phd weizmann institut scienc israel jung barbara ludwig maximilian univers germani kaplan jack phd univers london great britain katzen alisa phd univers california san francisco kaufman elliot phd princeton univers kuchay shafi phd univers illinoi chicago lau lester phd cornel univers lavi arnon phd brandei univers liao xiubei phd univers illinoi urbana champaign merril bradley phd univers california san diego nakamura toru phd univers colorado boulder rana ajay phd indian institut chemic biolog india rana basabi phd univers calcutta india raychaudhuri pradip phd univers michigan shikano sojin phd univers tokyo japan simonov miljan phd univers illinoi chicago tyner angela phd univers chicago biomed scienc chen aoshuang phd univers cincinnati kalyanasundaram ramaswami phd univers calgari canada xue jun phd shanghai medic univers china matthew matthew thoppil phd univers strathclyd unit kingdom munirathinam gnanasekar phd indian institut technolog puri neelu phd aim delhi sidik khalifah phd washington state univers zheng guox phd univers cincinnati medic educ bordag georg phd michigan state univers edison marcia phd univers illinoi chicago gelula mark phd univers york buffalo harri ilen phd univers chicago hirshfield laura phd univers michigan ann arbor juul dorthea phd univers chicago kamin carol phd univers houston murphi timothi phd boston colleg park yoon soo phd columbia univers riddl janet phd univers chicago sandlow lesli chicago medic school schwartz alan phd univers california berkeley sufian sandra phd york univers tekian ara phd mhpe american univers beirut yudkowski rachel northwestern univers microbiolog immunolog behnsen judith phd friedrich shiller univers germani bouvier marlen phd mcgill univers canada chen zheng phd tsinghua univers freitag nanci phd univers california angel bin phd purdu univers kenter ami phd albert einstein colleg medicin lipton howard univers nebraska macduff donna phd univers minnesota twin citi mclachlan alan phd univers aberdeen scotland prabhakar bellur phd john hopkin univers richner justin phd univers california berkeley rong lijun phd purdu univers ross susan phd princeton univers shukla deepak phd univers illinoi chicago ucker david phd univers california san francisco volz karl phd univers california san diego walden william phd morgan state univers patholog bosland maarten dvsc phd univers ultrecht netherland campbel lee salli albani medic colleg union univers chenn anjen phd stanford univers diamond alan phd state univers york stoni brook gann peter scd univers pennsylvania harvard univers guzman hartman grace univers santo toma colleg medicin phillippin kadkol shrihari phd univers mysor india univers illinoi chicago kajdacsi balla andr phd escola paulista medicina brazil lindgren valeri phd univers chicago nonn larisa phd univers arizona setti suman phd univers minnesota valyi nagi tibor phd medic univers debrecen hungari hungarian academi scienc walsh michael phd lancast univers unit kingdom pharmacolog cho jaehyung phd univers wisconsin madison colamonici oscar facultad medicina uruguay xiaop phd sydney univers dudek steven washington univers school medicin karginov andrei phd univers virginia charlottesvil komarova yulia phd moscow state univers levitan irena phd hebrew univers jerusalem liu yuru phd john hopkin univers baltimor malik asrar phd univers toronto mehta dolli phd univers nebraska lincoln minshal richard phd univers illinoi chicago natarajan viswanathan phd indian institut scienc pajcini kostandin phd stanford univers rehman jale technisch universitat germani rosenblatt mark mba univers miami shin jae won phd univers pennsylvania tamplin owen phd univers toronto tiruppathi chinnaswami phd univers madra india wari kishor phd north eastern hill univers india physiolog biophys alrefai waddah univers aleppo syria brodi mark phd univers illinoi chicago coloff jonathan phd duke univers cuervo grajal henar phd universidad autónoma madrid spain dudeja pradeep phd postgradu institut medic educ research india frasor jonna phd univers illinoi chicago gill ravind phd panjab univers india heydemann ahlk phd univers chicago jaffe randal phd univers california davi kitajewski jan phd princeton univers liew chong wee phd univers hamburg germani naba alexandra phd univers pari franc donnel michael phd ohio state univers popov sergey phd moscow state univers prin gail phd univers illinoi chicago rao mrinalini phd univers pittsburgh rasenick mark phd wesleyan univers russel brenda phd univers london england shay daniel phd columbia univers solaro john phd univers pittsburgh stocco carlo phd univers san lui nation research council argentina tobacman larri case western reserv univers wolska beata phd postgradu center medic educ warsaw lanerol primal phd univers california san diego colleg nurs balserak bilgay phd edinburgh univers breitmay bonni phd cornel univers calk michael phd loyola univers chicago carley david phd harvard univers collin eileen phd loyola univers cort colleen phd univers michigan decock geist karen dnp frontier nurs univers devon holli phd univers illinoi chicago finnegan lorna phd univers illinoi chicago gruss valeri phd rush univers heinschel judith judi phd univers colorado health scienc center hershberg patricia phd univers illinoi chicago humpheri carol dnsc indiana univers jone krista phd univers illinoi chicago kapella mari kay phd univers illinoi chicago kim phd univers illinoi chicago klima carri phd univers connecticut koenig mari dawn phd univers pennsylvania krassa teresa phd wayn state univers lies kylea phd stanford univers lusk brigid phd univers illinoi chicago martyn nemeth pamela phd loyola univers matthew alicia phd state univers york mccreari linda phd univers illinoi chicago mcfarlin barbara phd univers illinoi chicago mogo mulubrhan phd univers south florida norr kathleen phd univers michigan obrecht jennif dnp univers illinoi chicago patil crystal phd ohio state univers powel kathryn wirtz phd rush univers puchalski mari dnp chatham univers quinn lauretta phd univers illinoi chicago rosenberg kelli dnp univers illinoi chicago rutherford julienn phd indiana univers ryan catherin phd univers illinoi chicago savag teresa phd univers illinoi chicago schlaeger judith phd guangzhou univers china schraeder cheryl phd indiana univers sefton marlen phd univers illinoi chicago snyder marsha phd loyola univers sparbel kathleen phd univers iowa stogi sheryl drph univers michigan tarlov elizabeth phd univers illinoi chicago vincent catherin phd wayn state univers vonderheid susan phd univers illinoi chicago walsh susan dnp univers illinoi chicago wang chih hsu edward phd case western reserv univers zenk shannon phd univers michigan corbridg susan phd univers illinoi chicago eldeirawi kamal phd univers illinoi chicago ferran carol estw phd univers illinoi chicago fritschi cynthia phd univers illinoi chicago gallo agatha phd univers pennsylvania gorman geraldin phd loyola univers colleg pharmaci biopharmaceut scienc barbolina maria phd engelhardt institut molecular biolog russian academi scienc beck william phd georg washington univers gemeinhart richard phd purdu univers hall ashley phd univers central florida hanakahi leslyn phd yale univers jeong hyun young phd univers illinoi chicago katz norman phd union univers larsen karl phd univers illinoi chicago lee hyunwoo phd univers illinoi chicago nitiss john phd illinoi institut technolog onyuksel hayat phd univers london pluta paul phd univers illinoi chicago schlemmer franci phd univers illinoi chicago tonetti debra phd loyola univers chicago waller donald phd ohio state univers wang zaiji jim phd univers california san francisco medicin chemistri pharmacognosi bolton judi phd univers toronto bruzik karol phd polish academi scienc burdett joanna phd univers illinoi chicago che chun tao phd univers illinoi chicago chen shao nong phd lanzhou univers dietz birgit phd heinrich hein univers farnsworth norman phd univers pittsburgh federl michael phd emori univers franzblau scott phd univers arizona gaponenko vadim phd univers cincinnati hanakahi leslyn phd yale univers jaki birgit ursula phd swiss feder institut technolog johnson michael phd northwestern univers kozikowski alan phd univers california berkeley krunic aleksej phd univers illinoi chicago lee hyunwoo phd univers illinoi chicago matthia phd ohio state univers luo jia templ univers mankin alexand phd moscow state univers movahedzadeh farah phd univers colleg london murphi brian phd virginia polytechn institut state univers nikol dejan phd univers illinoi chicago orjala jimmi swiss feder institut technolog eth pauli guido phd institut pharmaceut biolog heinrich hein univers duesseldorf germani petukhov pavel phd novosibirsk institut organ chemistri russia santarsiero bernard phd univers washington soejarto djaja phd harvard univers swanson steven phd univers illinoi chicago thatcher gregori phd univers toronto thoma dougla phd louisiana state univers health scienc center vazquez laslop nora cecillia phd nation autonom univers mexico wang zaij jim phd univers california san francisco woodburi charl phd univers wisconsin madison van breemen richard phd john hopkin univers pharmaci system outcom polici bauman jerri pharmd univers missouri kansa citi bishop jeffrey pharmd univers iowa crawford stephani yvonn phd univers texa austin danzig larri pharmd univers cincinnati engl janet pharmd univers illinoi chicago fisher jame pharmd univers minnesota lee todd phd univers washington manass henri phd univers minnesota pickard alan simon phd univers alberta canada popovich nichola phd univers illinoi chicago qato dima phd univers illinoi chicago rodvold keith pharmd univers minnesota schumock glen phd univers illinoi chicago stub joann mhca univers mississippi touchett daniel pharmd wayn state univers walton surrey phd univers chicago school public health commun health scienc chavez noel phd saint loui univers duboi david phd univers illinoi urbana champaign floyd brenikki phd univers kentucki lexington handler arden drph univers illinoi chicago hebert beirn jennif mari phd univers illinoi chicago hugh susan phd columbia univers jeremiah rohan phd univers south florida kelley michel scd john hopkin univers kennelli joan franc phd univers illinoi chicago lenihan patrick phd univers illinoi chicago mitchel uchechi phd univers california angel molina yamil phd univers washington muramatsu naoko phd univers michigan ann arbor peacock nadin phd harvard univers peter karen drph univers illinoi chicago ramirez vall jesu phd univers michigan ann arbor risley kristina drph univers alabama birmingham veloni alisa phd univers colorado denver watson karriem dhsc nova southeastern univers welter christina drph univers illinoi chicago environment occup health scienc bing canar john phd univers illinoi chicago brandt rauf paul dph columbia univers brandt rauf sherri columbia univers brosseau lisa scd harvard univers buchanan susan ohio state univers caila michael phd mcgill univers canada cohen robert northwestern univers conroy lorrain scd harvard univers dardynskaia irina phd minsk state medic univers dorevitch samuel univers chicago erdal serap phd univers pittsburgh forst linda mph michigan state univers univers illinoi frank john phd univers illinoi chicago friedman lee phd univers illinoi chicago heimler ira phd univers wisconsin milwauke jacob david phd kennedi western univers jagai jyotsna phd tuft univers jone rachael mari phd univers california berkeley kaplan susan univers wisconsin madison phd univers wisconsin madison pratap preethi phd univers cincinnati scheff peter phd univers illinoi chicago swedler david phd john hopkin univers zanoni joseph phd univers illinoi chicago epidemiolog biostatist argo maria phd columbia univers awadalla saria phd univers rochest bailey robert phd harvard univers basu sanjib phd purdu univers bhaumik dulal phd univers maryland chen hua yun phd univers michigan demirta hakan phd pennsylvania state univers dworkin mark rush medic colleg freel salli phd northwestern univers freeman vincent mph univers chicago univers illinoi chicago hershow ronald state univers york stoni brook school medicin konda sreeniva scd case western reserv univers liu phd univers illinoi chicago mehta supriya phd john hopkin univers olshanski jay phd univers chicago perski victoria albert einstein univers peterson caryn phd univers illinoi chicago rankin kristin phd univers illinoi chicago rauscher garth phd univers north carolina chapel hill rosenberg deborah phd univers illinoi chicago stayner lesli phd univers north carolina turyk mari ellen phd univers illinoi chicago xie hui phd columbia univers health polici administr chriqui jami phd univers maryland baltimor conrad kendon phd univers illinoi chicago fitzgibbon marian phd long island univers kim seijeoung phd univers illinoi chicago levi judith phd northwestern univers sasso anthoni phd indiana univers mensah edward phd iowa state univers powel lisa phd queen univers kingston tilipman nichola phd cornel univers zwanzig jack phd rand graduat school jane addam colleg social work angelo karen phd univers connecticut denard christina phd univers pennsylvania doyl otima phd univers maryland geiger jennif phd arizona state univers gottlieb aaron phd princeton univers hairston creasi finney phd case western reserv univers hounmenn charl phd univers illinoi chicago hsieh chang ming phd univers pennsylvania johnson butterfield alic phd washington univers loui leather sonya phd univers chicago jack phd univers connecticut mccoy henrika phd washington univers loui mcleod branden phd morgan state univers mitchel christoph phd cathol univers america reed sarah phd univers california davi swartz jame phd northwestern univers watson ami phd univers chicago wilson robert phd univers minnesota colleg urban plan public affair public administr carr jere phd florida state univers hendrick rebecca phd michigan state univers holbrook allyson phd ohio state univers johnson timothi phd univers kentucki kleinschmit stephen phd north carolin state univers laurito agustina phd york univers leroux kelli phd wayn state univers liang jiaqu phd american univers merriman david phd univers wisconsin madison pagano michael phd univers texa austin siciliano michael phd univers pittsburgh snyder thoma phd harvard univers thompson jame phd syracus univers yonghong phd syracus univers yang clayton kathleen phd univers chicago urban plan polici ning phd georgia tech univers kodmani kheir phd univers illinoi urbana champaign ashton philip phd rutger univers betancur john jairo phd univers illinoi chicago cordova teresa phd univers california berkeley drucker joshua phd univers north carolina chapel hill kawamura kazuya phd univers california berkeley low kate phd cornel univers parker brenda phd univers wisconsin madison smith janet lynn phd cleveland state univers sriraj phd illinoi institut technolog sutton stacey phd rutger univers theodor nikola phd univers illinoi chicago tilahun nebiy phd univers minnesota vidyarthi sanjeev phd univers michigan ann arbor weber rachel phd cornel univers winkl curti phd rutger univers zellner moira phd univers michigan univers illinoi chicago appli onlin contact admiss privaci statement problem access site contact webmast board truste univers illinoi back top print option send page printer print page download page includ inform uniqu page download entir graduat catalog page campu catalog cancel